"Komponente","","'=","338 51 Windrichtung WIR °"
"Station","","'=","4453 Heidelberg HD 10 49"
"Aggregation / Periode","","'=","0000000030 30 Minutenwert fest"
"Zeitraum","","'=","Mon Feb 22 00:00:00 CET 2021 Sun Feb 28 23:59:59 CET 2021"


"Stationsnummer","Messstelle","Komponente / Einheit","Datum / Uhrzeit","Wert","Aggregationszeitraum","Aggregationsart"
"4453","Heidelberg","Windrichtung °","2021-02-22 00:30","         329","30 Minutenwert","Mittelwert (arithm.)"
"4453","Heidelberg","Windrichtung °","2021-02-22 01:00","         117","30 Minutenwert","Mittelwert (arithm.)"
"4453","Heidelberg","Windrichtung °","2021-02-22 01:30","         226","30 Minutenwert","Mittelwert (arithm.)"
"4453","Heidelberg","Windrichtung °","2021-02-22 02:00","         225","30 Minutenwert","Mittelwert (arithm.)"
"4453","Heidelberg","Windrichtung °","2021-02-22 02:30","         278","30 Minutenwert","Mittelwert (arithm.)"
"4453","Heidelberg","Windrichtung °","2021-02-22 03:00","         278","30 Minutenwert","Mittelwert (arithm.)"
"4453","Heidelberg","Windrichtung °","2021-02-22 03:30","         262","30 Minutenwert","Mittelwert (arithm.)"
"4453","Heidelberg","Windrichtung °","2021-02-22 04:00","         255","30 Minutenwert","Mittelwert (arithm.)"
"4453","Heidelberg","Windrichtung °","2021-02-22 04:30","         176","30 Minutenwert","Mittelwert (arithm.)"
"4453","Heidelberg","Windrichtung °","2021-02-22 05:00","         191","30 Minutenwert","Mittelwert (arithm.)"
"4453","Heidelberg","Windrichtung °","2021-02-22 05:30","         181","30 Minutenwert","Mittelwert (arithm.)"
"4453","Heidelberg","Windrichtung °","2021-02-22 06:00","         177","30 Minutenwert","Mittelwert (arithm.)"
"4453","Heidelberg","Windrichtung °","2021-02-22 06:30","         299","30 Minutenwert","Mittelwert (arithm.)"
"4453","Heidelberg","Windrichtung °","2021-02-22 07:00","         244","30 Minutenwert","Mittelwert (arithm.)"
"4453","Heidelberg","Windrichtung °","2021-02-22 07:30","         106","30 Minutenwert","Mittelwert (arithm.)"
"4453","Heidelberg","Windrichtung °","2021-02-22 08:00","         131","30 Minutenwert","Mittelwert (arithm.)"
"4453","Heidelberg","Windrichtung °","2021-02-22 08:30","         111","30 Minutenwert","Mittelwert (arithm.)"
"4453","Heidelberg","Windrichtung °","2021-02-22 09:00","         167","30 Minutenwert","Mittelwert (arithm.)"
"4453","Heidelberg","Windrichtung °","2021-02-22 09:30","         343","30 Minutenwert","Mittelwert (arithm.)"
"4453","Heidelberg","Windrichtung °","2021-02-22 10:00","         339","30 Minutenwert","Mittelwert (arithm.)"
"4453","Heidelberg","Windrichtung °","2021-02-22 10:30","         323","30 Minutenwert","Mittelwert (arithm.)"
"4453","Heidelberg","Windrichtung °","2021-02-22 11:00","         301","30 Minutenwert","Mittelwert (arithm.)"
"4453","Heidelberg","Windrichtung °","2021-02-22 11:30","         324","30 Minutenwert","Mittelwert (arithm.)"
"4453","Heidelberg","Windrichtung °","2021-02-22 12:00","         309","30 Minutenwert","Mittelwert (arithm.)"
"4453","Heidelberg","Windrichtung °","2021-02-22 12:30","         309","30 Minutenwert","Mittelwert (arithm.)"
"4453","Heidelberg","Windrichtung °","2021-02-22 13:00","         343","30 Minutenwert","Mittelwert (arithm.)"
"4453","Heidelberg","Windrichtung °","2021-02-22 13:30","         304","30 Minutenwert","Mittelwert (arithm.)"
"4453","Heidelberg","Windrichtung °","2021-02-22 14:00","         340","30 Minutenwert","Mittelwert (arithm.)"
"4453","Heidelberg","Windrichtung °","2021-02-22 14:30","         332","30 Minutenwert","Mittelwert (arithm.)"
"4453","Heidelberg","Windrichtung °","2021-02-22 15:00","         316","30 Minutenwert","Mittelwert (arithm.)"
"4453","Heidelberg","Windrichtung °","2021-02-22 15:30","         319","30 Minutenwert","Mittelwert (arithm.)"
"4453","Heidelberg","Windrichtung °","2021-02-22 16:00","         321","30 Minutenwert","Mittelwert (arithm.)"
"4453","Heidelberg","Windrichtung °","2021-02-22 16:30","         311","30 Minutenwert","Mittelwert (arithm.)"
"4453","Heidelberg","Windrichtung °","2021-02-22 17:00","         324","30 Minutenwert","Mittelwert (arithm.)"
"4453","Heidelberg","Windrichtung °","2021-02-22 17:30","         320","30 Minutenwert","Mittelwert (arithm.)"
"4453","Heidelberg","Windrichtung °","2021-02-22 18:00","         290","30 Minutenwert","Mittelwert (arithm.)"
"4453","Heidelberg","Windrichtung °","2021-02-22 18:30","         154","30 Minutenwert","Mittelwert (arithm.)"
"4453","Heidelberg","Windrichtung °","2021-02-22 19:00","         144","30 Minutenwert","Mittelwert (arithm.)"
"4453","Heidelberg","Windrichtung °","2021-02-22 19:30","          19","30 Minutenwert","Mittelwert (arithm.)"
"4453","Heidelberg","Windrichtung °","2021-02-22 20:00","         142","30 Minutenwert","Mittelwert (arithm.)"
"4453","Heidelberg","Windrichtung °","2021-02-22 20:30","         159","30 Minutenwert","Mittelwert (arithm.)"
"4453","Heidelberg","Windrichtung °","2021-02-22 21:00","         172","30 Minutenwert","Mittelwert (arithm.)"
"4453","Heidelberg","Windrichtung °","2021-02-22 21:30","          27","30 Minutenwert","Mittelwert (arithm.)"
"4453","Heidelberg","Windrichtung °","2021-02-22 22:00","         167","30 Minutenwert","Mittelwert (arithm.)"
"4453","Heidelberg","Windrichtung °","2021-02-22 22:30","         342","30 Minutenwert","Mittelwert (arithm.)"
"4453","Heidelberg","Windrichtung °","2021-02-22 23:00","          92","30 Minutenwert","Mittelwert (arithm.)"
"4453","Heidelberg","Windrichtung °","2021-02-22 23:30","","30 Minutenwert","Mittelwert (arithm.)"
"4453","Heidelberg","Windrichtung °","2021-02-22 24:00","         159","30 Minutenwert","Mittelwert (arithm.)"
"4453","Heidelberg","Windrichtung °","2021-02-23 00:30","         254","30 Minutenwert","Mittelwert (arithm.)"
"4453","Heidelberg","Windrichtung °","2021-02-23 01:00","         140","30 Minutenwert","Mittelwert (arithm.)"
"4453","Heidelberg","Windrichtung °","2021-02-23 01:30","         132","30 Minutenwert","Mittelwert (arithm.)"
"4453","Heidelberg","Windrichtung °","2021-02-23 02:00","         169","30 Minutenwert","Mittelwert (arithm.)"
"4453","Heidelberg","Windrichtung °","2021-02-23 02:30","         125","30 Minutenwert","Mittelwert (arithm.)"
"4453","Heidelberg","Windrichtung °","2021-02-23 03:00","         172","30 Minutenwert","Mittelwert (arithm.)"
"4453","Heidelberg","Windrichtung °","2021-02-23 03:30","         181","30 Minutenwert","Mittelwert (arithm.)"
"4453","Heidelberg","Windrichtung °","2021-02-23 04:00","         157","30 Minutenwert","Mittelwert (arithm.)"
"4453","Heidelberg","Windrichtung °","2021-02-23 04:30","         137","30 Minutenwert","Mittelwert (arithm.)"
"4453","Heidelberg","Windrichtung °","2021-02-23 05:00","         179","30 Minutenwert","Mittelwert (arithm.)"
"4453","Heidelberg","Windrichtung °","2021-02-23 05:30","         167","30 Minutenwert","Mittelwert (arithm.)"
"4453","Heidelberg","Windrichtung °","2021-02-23 06:00","         161","30 Minutenwert","Mittelwert (arithm.)"
"4453","Heidelberg","Windrichtung °","2021-02-23 06:30","         173","30 Minutenwert","Mittelwert (arithm.)"
"4453","Heidelberg","Windrichtung °","2021-02-23 07:00","           1","30 Minutenwert","Mittelwert (arithm.)"
"4453","Heidelberg","Windrichtung °","2021-02-23 07:30","         195","30 Minutenwert","Mittelwert (arithm.)"
"4453","Heidelberg","Windrichtung °","2021-02-23 08:00","         161","30 Minutenwert","Mittelwert (arithm.)"
"4453","Heidelberg","Windrichtung °","2021-02-23 08:30","         162","30 Minutenwert","Mittelwert (arithm.)"
"4453","Heidelberg","Windrichtung °","2021-02-23 09:00","         164","30 Minutenwert","Mittelwert (arithm.)"
"4453","Heidelberg","Windrichtung °","2021-02-23 09:30","          21","30 Minutenwert","Mittelwert (arithm.)"
"4453","Heidelberg","Windrichtung °","2021-02-23 10:00","         120","30 Minutenwert","Mittelwert (arithm.)"
"4453","Heidelberg","Windrichtung °","2021-02-23 10:30","         166","30 Minutenwert","Mittelwert (arithm.)"
"4453","Heidelberg","Windrichtung °","2021-02-23 11:00","         136","30 Minutenwert","Mittelwert (arithm.)"
"4453","Heidelberg","Windrichtung °","2021-02-23 11:30","         154","30 Minutenwert","Mittelwert (arithm.)"
"4453","Heidelberg","Windrichtung °","2021-02-23 12:00","         154","30 Minutenwert","Mittelwert (arithm.)"
"4453","Heidelberg","Windrichtung °","2021-02-23 12:30","         161","30 Minutenwert","Mittelwert (arithm.)"
"4453","Heidelberg","Windrichtung °","2021-02-23 13:00","         159","30 Minutenwert","Mittelwert (arithm.)"
"4453","Heidelberg","Windrichtung °","2021-02-23 13:30","         172","30 Minutenwert","Mittelwert (arithm.)"
"4453","Heidelberg","Windrichtung °","2021-02-23 14:00","         172","30 Minutenwert","Mittelwert (arithm.)"
"4453","Heidelberg","Windrichtung °","2021-02-23 14:30","         162","30 Minutenwert","Mittelwert (arithm.)"
"4453","Heidelberg","Windrichtung °","2021-02-23 15:00","         165","30 Minutenwert","Mittelwert (arithm.)"
"4453","Heidelberg","Windrichtung °","2021-02-23 15:30","         177","30 Minutenwert","Mittelwert (arithm.)"
"4453","Heidelberg","Windrichtung °","2021-02-23 16:00","         172","30 Minutenwert","Mittelwert (arithm.)"
"4453","Heidelberg","Windrichtung °","2021-02-23 16:30","         170","30 Minutenwert","Mittelwert (arithm.)"
"4453","Heidelberg","Windrichtung °","2021-02-23 17:00","         161","30 Minutenwert","Mittelwert (arithm.)"
"4453","Heidelberg","Windrichtung °","2021-02-23 17:30","         159","30 Minutenwert","Mittelwert (arithm.)"
"4453","Heidelberg","Windrichtung °","2021-02-23 18:00","         160","30 Minutenwert","Mittelwert (arithm.)"
"4453","Heidelberg","Windrichtung °","2021-02-23 18:30","         163","30 Minutenwert","Mittelwert (arithm.)"
"4453","Heidelberg","Windrichtung °","2021-02-23 19:00","         160","30 Minutenwert","Mittelwert (arithm.)"
"4453","Heidelberg","Windrichtung °","2021-02-23 19:30","         168","30 Minutenwert","Mittelwert (arithm.)"
"4453","Heidelberg","Windrichtung °","2021-02-23 20:00","         165","30 Minutenwert","Mittelwert (arithm.)"
"4453","Heidelberg","Windrichtung °","2021-02-23 20:30","         169","30 Minutenwert","Mittelwert (arithm.)"
"4453","Heidelberg","Windrichtung °","2021-02-23 21:00","         166","30 Minutenwert","Mittelwert (arithm.)"
"4453","Heidelberg","Windrichtung °","2021-02-23 21:30","         167","30 Minutenwert","Mittelwert (arithm.)"
"4453","Heidelberg","Windrichtung °","2021-02-23 22:00","         164","30 Minutenwert","Mittelwert (arithm.)"
"4453","Heidelberg","Windrichtung °","2021-02-23 22:30","         165","30 Minutenwert","Mittelwert (arithm.)"
"4453","Heidelberg","Windrichtung °","2021-02-23 23:00","         165","30 Minutenwert","Mittelwert (arithm.)"
"4453","Heidelberg","Windrichtung °","2021-02-23 23:30","","30 Minutenwert","Mittelwert (arithm.)"
"4453","Heidelberg","Windrichtung °","2021-02-23 24:00","         327","30 Minutenwert","Mittelwert (arithm.)"
"4453","Heidelberg","Windrichtung °","2021-02-24 00:30","         153","30 Minutenwert","Mittelwert (arithm.)"
"4453","Heidelberg","Windrichtung °","2021-02-24 01:00","         164","30 Minutenwert","Mittelwert (arithm.)"
"4453","Heidelberg","Windrichtung °","2021-02-24 01:30","         163","30 Minutenwert","Mittelwert (arithm.)"
"4453","Heidelberg","Windrichtung °","2021-02-24 02:00","         169","30 Minutenwert","Mittelwert (arithm.)"
"4453","Heidelberg","Windrichtung °","2021-02-24 02:30","         165","30 Minutenwert","Mittelwert (arithm.)"
"4453","Heidelberg","Windrichtung °","2021-02-24 03:00","         165","30 Minutenwert","Mittelwert (arithm.)"
"4453","Heidelberg","Windrichtung °","2021-02-24 03:30","         165","30 Minutenwert","Mittelwert (arithm.)"
"4453","Heidelberg","Windrichtung °","2021-02-24 04:00","         164","30 Minutenwert","Mittelwert (arithm.)"
"4453","Heidelberg","Windrichtung °","2021-02-24 04:30","         166","30 Minutenwert","Mittelwert (arithm.)"
"4453","Heidelberg","Windrichtung °","2021-02-24 05:00","         169","30 Minutenwert","Mittelwert (arithm.)"
"4453","Heidelberg","Windrichtung °","2021-02-24 05:30","         164","30 Minutenwert","Mittelwert (arithm.)"
"4453","Heidelberg","Windrichtung °","2021-02-24 06:00","         162","30 Minutenwert","Mittelwert (arithm.)"
"4453","Heidelberg","Windrichtung °","2021-02-24 06:30","         167","30 Minutenwert","Mittelwert (arithm.)"
"4453","Heidelberg","Windrichtung °","2021-02-24 07:00","         166","30 Minutenwert","Mittelwert (arithm.)"
"4453","Heidelberg","Windrichtung °","2021-02-24 07:30","         165","30 Minutenwert","Mittelwert (arithm.)"
"4453","Heidelberg","Windrichtung °","2021-02-24 08:00","         166","30 Minutenwert","Mittelwert (arithm.)"
"4453","Heidelberg","Windrichtung °","2021-02-24 08:30","         168","30 Minutenwert","Mittelwert (arithm.)"
"4453","Heidelberg","Windrichtung °","2021-02-24 09:00","         167","30 Minutenwert","Mittelwert (arithm.)"
"4453","Heidelberg","Windrichtung °","2021-02-24 09:30","         164","30 Minutenwert","Mittelwert (arithm.)"
"4453","Heidelberg","Windrichtung °","2021-02-24 10:00","         161","30 Minutenwert","Mittelwert (arithm.)"
"4453","Heidelberg","Windrichtung °","2021-02-24 10:30","         166","30 Minutenwert","Mittelwert (arithm.)"
"4453","Heidelberg","Windrichtung °","2021-02-24 11:00","         170","30 Minutenwert","Mittelwert (arithm.)"
"4453","Heidelberg","Windrichtung °","2021-02-24 11:30","         165","30 Minutenwert","Mittelwert (arithm.)"
"4453","Heidelberg","Windrichtung °","2021-02-24 12:00","         159","30 Minutenwert","Mittelwert (arithm.)"
"4453","Heidelberg","Windrichtung °","2021-02-24 12:30","         151","30 Minutenwert","Mittelwert (arithm.)"
"4453","Heidelberg","Windrichtung °","2021-02-24 13:00","         188","30 Minutenwert","Mittelwert (arithm.)"
"4453","Heidelberg","Windrichtung °","2021-02-24 13:30","         186","30 Minutenwert","Mittelwert (arithm.)"
"4453","Heidelberg","Windrichtung °","2021-02-24 14:00","         191","30 Minutenwert","Mittelwert (arithm.)"
"4453","Heidelberg","Windrichtung °","2021-02-24 14:30","         210","30 Minutenwert","Mittelwert (arithm.)"
"4453","Heidelberg","Windrichtung °","2021-02-24 15:00","         225","30 Minutenwert","Mittelwert (arithm.)"
"4453","Heidelberg","Windrichtung °","2021-02-24 15:30","         197","30 Minutenwert","Mittelwert (arithm.)"
"4453","Heidelberg","Windrichtung °","2021-02-24 16:00","         182","30 Minutenwert","Mittelwert (arithm.)"
"4453","Heidelberg","Windrichtung °","2021-02-24 16:30","         180","30 Minutenwert","Mittelwert (arithm.)"
"4453","Heidelberg","Windrichtung °","2021-02-24 17:00","         152","30 Minutenwert","Mittelwert (arithm.)"
"4453","Heidelberg","Windrichtung °","2021-02-24 17:30","         150","30 Minutenwert","Mittelwert (arithm.)"
"4453","Heidelberg","Windrichtung °","2021-02-24 18:00","         118","30 Minutenwert","Mittelwert (arithm.)"
"4453","Heidelberg","Windrichtung °","2021-02-24 18:30","         168","30 Minutenwert","Mittelwert (arithm.)"
"4453","Heidelberg","Windrichtung °","2021-02-24 19:00","         166","30 Minutenwert","Mittelwert (arithm.)"
"4453","Heidelberg","Windrichtung °","2021-02-24 19:30","         164","30 Minutenwert","Mittelwert (arithm.)"
"4453","Heidelberg","Windrichtung °","2021-02-24 20:00","         163","30 Minutenwert","Mittelwert (arithm.)"
"4453","Heidelberg","Windrichtung °","2021-02-24 20:30","         165","30 Minutenwert","Mittelwert (arithm.)"
"4453","Heidelberg","Windrichtung °","2021-02-24 21:00","         168","30 Minutenwert","Mittelwert (arithm.)"
"4453","Heidelberg","Windrichtung °","2021-02-24 21:30","         162","30 Minutenwert","Mittelwert (arithm.)"
"4453","Heidelberg","Windrichtung °","2021-02-24 22:00","         170","30 Minutenwert","Mittelwert (arithm.)"
"4453","Heidelberg","Windrichtung °","2021-02-24 22:30","         170","30 Minutenwert","Mittelwert (arithm.)"
"4453","Heidelberg","Windrichtung °","2021-02-24 23:00","         168","30 Minutenwert","Mittelwert (arithm.)"
"4453","Heidelberg","Windrichtung °","2021-02-24 23:30","","30 Minutenwert","Mittelwert (arithm.)"
"4453","Heidelberg","Windrichtung °","2021-02-24 24:00","         168","30 Minutenwert","Mittelwert (arithm.)"
"4453","Heidelberg","Windrichtung °","2021-02-25 00:30","         169","30 Minutenwert","Mittelwert (arithm.)"
"4453","Heidelberg","Windrichtung °","2021-02-25 01:00","         145","30 Minutenwert","Mittelwert (arithm.)"
"4453","Heidelberg","Windrichtung °","2021-02-25 01:30","         141","30 Minutenwert","Mittelwert (arithm.)"
"4453","Heidelberg","Windrichtung °","2021-02-25 02:00","         169","30 Minutenwert","Mittelwert (arithm.)"
"4453","Heidelberg","Windrichtung °","2021-02-25 02:30","         166","30 Minutenwert","Mittelwert (arithm.)"
"4453","Heidelberg","Windrichtung °","2021-02-25 03:00","         169","30 Minutenwert","Mittelwert (arithm.)"
"4453","Heidelberg","Windrichtung °","2021-02-25 03:30","         172","30 Minutenwert","Mittelwert (arithm.)"
"4453","Heidelberg","Windrichtung °","2021-02-25 04:00","         168","30 Minutenwert","Mittelwert (arithm.)"
"4453","Heidelberg","Windrichtung °","2021-02-25 04:30","         167","30 Minutenwert","Mittelwert (arithm.)"
"4453","Heidelberg","Windrichtung °","2021-02-25 05:00","         161","30 Minutenwert","Mittelwert (arithm.)"
"4453","Heidelberg","Windrichtung °","2021-02-25 05:30","         169","30 Minutenwert","Mittelwert (arithm.)"
"4453","Heidelberg","Windrichtung °","2021-02-25 06:00","         167","30 Minutenwert","Mittelwert (arithm.)"
"4453","Heidelberg","Windrichtung °","2021-02-25 06:30","         164","30 Minutenwert","Mittelwert (arithm.)"
"4453","Heidelberg","Windrichtung °","2021-02-25 07:00","         170","30 Minutenwert","Mittelwert (arithm.)"
"4453","Heidelberg","Windrichtung °","2021-02-25 07:30","         162","30 Minutenwert","Mittelwert (arithm.)"
"4453","Heidelberg","Windrichtung °","2021-02-25 08:00","         163","30 Minutenwert","Mittelwert (arithm.)"
"4453","Heidelberg","Windrichtung °","2021-02-25 08:30","         162","30 Minutenwert","Mittelwert (arithm.)"
"4453","Heidelberg","Windrichtung °","2021-02-25 09:00","         161","30 Minutenwert","Mittelwert (arithm.)"
"4453","Heidelberg","Windrichtung °","2021-02-25 09:30","         163","30 Minutenwert","Mittelwert (arithm.)"
"4453","Heidelberg","Windrichtung °","2021-02-25 10:00","         161","30 Minutenwert","Mittelwert (arithm.)"
"4453","Heidelberg","Windrichtung °","2021-02-25 10:30","         156","30 Minutenwert","Mittelwert (arithm.)"
"4453","Heidelberg","Windrichtung °","2021-02-25 11:00","         168","30 Minutenwert","Mittelwert (arithm.)"
"4453","Heidelberg","Windrichtung °","2021-02-25 11:30","         164","30 Minutenwert","Mittelwert (arithm.)"
"4453","Heidelberg","Windrichtung °","2021-02-25 12:00","         170","30 Minutenwert","Mittelwert (arithm.)"
"4453","Heidelberg","Windrichtung °","2021-02-25 12:30","         172","30 Minutenwert","Mittelwert (arithm.)"
"4453","Heidelberg","Windrichtung °","2021-02-25 13:00","         163","30 Minutenwert","Mittelwert (arithm.)"
"4453","Heidelberg","Windrichtung °","2021-02-25 13:30","         172","30 Minutenwert","Mittelwert (arithm.)"
"4453","Heidelberg","Windrichtung °","2021-02-25 14:00","         163","30 Minutenwert","Mittelwert (arithm.)"
"4453","Heidelberg","Windrichtung °","2021-02-25 14:30","         208","30 Minutenwert","Mittelwert (arithm.)"
"4453","Heidelberg","Windrichtung °","2021-02-25 15:00","         176","30 Minutenwert","Mittelwert (arithm.)"
"4453","Heidelberg","Windrichtung °","2021-02-25 15:30","         180","30 Minutenwert","Mittelwert (arithm.)"
"4453","Heidelberg","Windrichtung °","2021-02-25 16:00","         179","30 Minutenwert","Mittelwert (arithm.)"
"4453","Heidelberg","Windrichtung °","2021-02-25 16:30","         173","30 Minutenwert","Mittelwert (arithm.)"
"4453","Heidelberg","Windrichtung °","2021-02-25 17:00","         174","30 Minutenwert","Mittelwert (arithm.)"
"4453","Heidelberg","Windrichtung °","2021-02-25 17:30","         175","30 Minutenwert","Mittelwert (arithm.)"
"4453","Heidelberg","Windrichtung °","2021-02-25 18:00","         145","30 Minutenwert","Mittelwert (arithm.)"
"4453","Heidelberg","Windrichtung °","2021-02-25 18:30","         165","30 Minutenwert","Mittelwert (arithm.)"
"4453","Heidelberg","Windrichtung °","2021-02-25 19:00","         168","30 Minutenwert","Mittelwert (arithm.)"
"4453","Heidelberg","Windrichtung °","2021-02-25 19:30","         172","30 Minutenwert","Mittelwert (arithm.)"
"4453","Heidelberg","Windrichtung °","2021-02-25 20:00","         168","30 Minutenwert","Mittelwert (arithm.)"
"4453","Heidelberg","Windrichtung °","2021-02-25 20:30","         171","30 Minutenwert","Mittelwert (arithm.)"
"4453","Heidelberg","Windrichtung °","2021-02-25 21:00","         173","30 Minutenwert","Mittelwert (arithm.)"
"4453","Heidelberg","Windrichtung °","2021-02-25 21:30","         172","30 Minutenwert","Mittelwert (arithm.)"
"4453","Heidelberg","Windrichtung °","2021-02-25 22:00","         174","30 Minutenwert","Mittelwert (arithm.)"
"4453","Heidelberg","Windrichtung °","2021-02-25 22:30","         172","30 Minutenwert","Mittelwert (arithm.)"
"4453","Heidelberg","Windrichtung °","2021-02-25 23:00","         170","30 Minutenwert","Mittelwert (arithm.)"
"4453","Heidelberg","Windrichtung °","2021-02-25 23:30","","30 Minutenwert","Mittelwert (arithm.)"
"4453","Heidelberg","Windrichtung °","2021-02-25 24:00","         166","30 Minutenwert","Mittelwert (arithm.)"
"4453","Heidelberg","Windrichtung °","2021-02-26 00:30","         160","30 Minutenwert","Mittelwert (arithm.)"
"4453","Heidelberg","Windrichtung °","2021-02-26 01:00","         166","30 Minutenwert","Mittelwert (arithm.)"
"4453","Heidelberg","Windrichtung °","2021-02-26 01:30","         167","30 Minutenwert","Mittelwert (arithm.)"
"4453","Heidelberg","Windrichtung °","2021-02-26 02:00","         168","30 Minutenwert","Mittelwert (arithm.)"
"4453","Heidelberg","Windrichtung °","2021-02-26 02:30","         163","30 Minutenwert","Mittelwert (arithm.)"
"4453","Heidelberg","Windrichtung °","2021-02-26 03:00","         165","30 Minutenwert","Mittelwert (arithm.)"
"4453","Heidelberg","Windrichtung °","2021-02-26 03:30","         161","30 Minutenwert","Mittelwert (arithm.)"
"4453","Heidelberg","Windrichtung °","2021-02-26 04:00","         163","30 Minutenwert","Mittelwert (arithm.)"
"4453","Heidelberg","Windrichtung °","2021-02-26 04:30","         167","30 Minutenwert","Mittelwert (arithm.)"
"4453","Heidelberg","Windrichtung °","2021-02-26 05:00","         161","30 Minutenwert","Mittelwert (arithm.)"
"4453","Heidelberg","Windrichtung °","2021-02-26 05:30","         169","30 Minutenwert","Mittelwert (arithm.)"
"4453","Heidelberg","Windrichtung °","2021-02-26 06:00","         164","30 Minutenwert","Mittelwert (arithm.)"
"4453","Heidelberg","Windrichtung °","2021-02-26 06:30","         165","30 Minutenwert","Mittelwert (arithm.)"
"4453","Heidelberg","Windrichtung °","2021-02-26 07:00","         167","30 Minutenwert","Mittelwert (arithm.)"
"4453","Heidelberg","Windrichtung °","2021-02-26 07:30","         169","30 Minutenwert","Mittelwert (arithm.)"
"4453","Heidelberg","Windrichtung °","2021-02-26 08:00","         166","30 Minutenwert","Mittelwert (arithm.)"
"4453","Heidelberg","Windrichtung °","2021-02-26 08:30","         165","30 Minutenwert","Mittelwert (arithm.)"
"4453","Heidelberg","Windrichtung °","2021-02-26 09:00","         164","30 Minutenwert","Mittelwert (arithm.)"
"4453","Heidelberg","Windrichtung °","2021-02-26 09:30","         151","30 Minutenwert","Mittelwert (arithm.)"
"4453","Heidelberg","Windrichtung °","2021-02-26 10:00","         153","30 Minutenwert","Mittelwert (arithm.)"
"4453","Heidelberg","Windrichtung °","2021-02-26 10:30","         177","30 Minutenwert","Mittelwert (arithm.)"
"4453","Heidelberg","Windrichtung °","2021-02-26 11:00","         317","30 Minutenwert","Mittelwert (arithm.)"
"4453","Heidelberg","Windrichtung °","2021-02-26 11:30","         312","30 Minutenwert","Mittelwert (arithm.)"
"4453","Heidelberg","Windrichtung °","2021-02-26 12:00","         317","30 Minutenwert","Mittelwert (arithm.)"
"4453","Heidelberg","Windrichtung °","2021-02-26 12:30","         325","30 Minutenwert","Mittelwert (arithm.)"
"4453","Heidelberg","Windrichtung °","2021-02-26 13:00","         323","30 Minutenwert","Mittelwert (arithm.)"
"4453","Heidelberg","Windrichtung °","2021-02-26 13:30","         323","30 Minutenwert","Mittelwert (arithm.)"
"4453","Heidelberg","Windrichtung °","2021-02-26 14:00","         319","30 Minutenwert","Mittelwert (arithm.)"
"4453","Heidelberg","Windrichtung °","2021-02-26 14:30","         316","30 Minutenwert","Mittelwert (arithm.)"
"4453","Heidelberg","Windrichtung °","2021-02-26 15:00","         333","30 Minutenwert","Mittelwert (arithm.)"
"4453","Heidelberg","Windrichtung °","2021-02-26 15:30","         335","30 Minutenwert","Mittelwert (arithm.)"
"4453","Heidelberg","Windrichtung °","2021-02-26 16:00","         324","30 Minutenwert","Mittelwert (arithm.)"
"4453","Heidelberg","Windrichtung °","2021-02-26 16:30","         319","30 Minutenwert","Mittelwert (arithm.)"
"4453","Heidelberg","Windrichtung °","2021-02-26 17:00","         326","30 Minutenwert","Mittelwert (arithm.)"
"4453","Heidelberg","Windrichtung °","2021-02-26 17:30","         340","30 Minutenwert","Mittelwert (arithm.)"
"4453","Heidelberg","Windrichtung °","2021-02-26 18:00","         326","30 Minutenwert","Mittelwert (arithm.)"
"4453","Heidelberg","Windrichtung °","2021-02-26 18:30","         322","30 Minutenwert","Mittelwert (arithm.)"
"4453","Heidelberg","Windrichtung °","2021-02-26 19:00","         306","30 Minutenwert","Mittelwert (arithm.)"
"4453","Heidelberg","Windrichtung °","2021-02-26 19:30","         307","30 Minutenwert","Mittelwert (arithm.)"
"4453","Heidelberg","Windrichtung °","2021-02-26 20:00","         317","30 Minutenwert","Mittelwert (arithm.)"
"4453","Heidelberg","Windrichtung °","2021-02-26 20:30","         313","30 Minutenwert","Mittelwert (arithm.)"
"4453","Heidelberg","Windrichtung °","2021-02-26 21:00","         312","30 Minutenwert","Mittelwert (arithm.)"
"4453","Heidelberg","Windrichtung °","2021-02-26 21:30","         306","30 Minutenwert","Mittelwert (arithm.)"
"4453","Heidelberg","Windrichtung °","2021-02-26 22:00","         335","30 Minutenwert","Mittelwert (arithm.)"
"4453","Heidelberg","Windrichtung °","2021-02-26 22:30","         329","30 Minutenwert","Mittelwert (arithm.)"
"4453","Heidelberg","Windrichtung °","2021-02-26 23:00","         318","30 Minutenwert","Mittelwert (arithm.)"
"4453","Heidelberg","Windrichtung °","2021-02-26 23:30","","30 Minutenwert","Mittelwert (arithm.)"
"4453","Heidelberg","Windrichtung °","2021-02-26 24:00","         307","30 Minutenwert","Mittelwert (arithm.)"
"4453","Heidelberg","Windrichtung °","2021-02-27 00:30","         295","30 Minutenwert","Mittelwert (arithm.)"
"4453","Heidelberg","Windrichtung °","2021-02-27 01:00","         303","30 Minutenwert","Mittelwert (arithm.)"
"4453","Heidelberg","Windrichtung °","2021-02-27 01:30","         298","30 Minutenwert","Mittelwert (arithm.)"
"4453","Heidelberg","Windrichtung °","2021-02-27 02:00","         319","30 Minutenwert","Mittelwert (arithm.)"
"4453","Heidelberg","Windrichtung °","2021-02-27 02:30","         323","30 Minutenwert","Mittelwert (arithm.)"
"4453","Heidelberg","Windrichtung °","2021-02-27 03:00","         321","30 Minutenwert","Mittelwert (arithm.)"
"4453","Heidelberg","Windrichtung °","2021-02-27 03:30","         316","30 Minutenwert","Mittelwert (arithm.)"
"4453","Heidelberg","Windrichtung °","2021-02-27 04:00","         297","30 Minutenwert","Mittelwert (arithm.)"
"4453","Heidelberg","Windrichtung °","2021-02-27 04:30","         290","30 Minutenwert","Mittelwert (arithm.)"
"4453","Heidelberg","Windrichtung °","2021-02-27 05:00","         290","30 Minutenwert","Mittelwert (arithm.)"
"4453","Heidelberg","Windrichtung °","2021-02-27 05:30","         289","30 Minutenwert","Mittelwert (arithm.)"
"4453","Heidelberg","Windrichtung °","2021-02-27 06:00","         232","30 Minutenwert","Mittelwert (arithm.)"
"4453","Heidelberg","Windrichtung °","2021-02-27 06:30","         282","30 Minutenwert","Mittelwert (arithm.)"
"4453","Heidelberg","Windrichtung °","2021-02-27 07:00","         259","30 Minutenwert","Mittelwert (arithm.)"
"4453","Heidelberg","Windrichtung °","2021-02-27 07:30","         174","30 Minutenwert","Mittelwert (arithm.)"
"4453","Heidelberg","Windrichtung °","2021-02-27 08:00","         165","30 Minutenwert","Mittelwert (arithm.)"
"4453","Heidelberg","Windrichtung °","2021-02-27 08:30","         293","30 Minutenwert","Mittelwert (arithm.)"
"4453","Heidelberg","Windrichtung °","2021-02-27 09:00","         311","30 Minutenwert","Mittelwert (arithm.)"
"4453","Heidelberg","Windrichtung °","2021-02-27 09:30","         135","30 Minutenwert","Mittelwert (arithm.)"
"4453","Heidelberg","Windrichtung °","2021-02-27 10:00","         332","30 Minutenwert","Mittelwert (arithm.)"
"4453","Heidelberg","Windrichtung °","2021-02-27 10:30","         333","30 Minutenwert","Mittelwert (arithm.)"
"4453","Heidelberg","Windrichtung °","2021-02-27 11:00","         334","30 Minutenwert","Mittelwert (arithm.)"
"4453","Heidelberg","Windrichtung °","2021-02-27 11:30","         336","30 Minutenwert","Mittelwert (arithm.)"
"4453","Heidelberg","Windrichtung °","2021-02-27 12:00","           0","30 Minutenwert","Mittelwert (arithm.)"
"4453","Heidelberg","Windrichtung °","2021-02-27 12:30","         327","30 Minutenwert","Mittelwert (arithm.)"
"4453","Heidelberg","Windrichtung °","2021-02-27 13:00","         328","30 Minutenwert","Mittelwert (arithm.)"
"4453","Heidelberg","Windrichtung °","2021-02-27 13:30","         356","30 Minutenwert","Mittelwert (arithm.)"
"4453","Heidelberg","Windrichtung °","2021-02-27 14:00","          53","30 Minutenwert","Mittelwert (arithm.)"
"4453","Heidelberg","Windrichtung °","2021-02-27 14:30","          50","30 Minutenwert","Mittelwert (arithm.)"
"4453","Heidelberg","Windrichtung °","2021-02-27 15:00","          23","30 Minutenwert","Mittelwert (arithm.)"
"4453","Heidelberg","Windrichtung °","2021-02-27 15:30","          36","30 Minutenwert","Mittelwert (arithm.)"
"4453","Heidelberg","Windrichtung °","2021-02-27 16:00","          69","30 Minutenwert","Mittelwert (arithm.)"
"4453","Heidelberg","Windrichtung °","2021-02-27 16:30","          22","30 Minutenwert","Mittelwert (arithm.)"
"4453","Heidelberg","Windrichtung °","2021-02-27 17:00","          46","30 Minutenwert","Mittelwert (arithm.)"
"4453","Heidelberg","Windrichtung °","2021-02-27 17:30","          19","30 Minutenwert","Mittelwert (arithm.)"
"4453","Heidelberg","Windrichtung °","2021-02-27 18:00","          10","30 Minutenwert","Mittelwert (arithm.)"
"4453","Heidelberg","Windrichtung °","2021-02-27 18:30","         340","30 Minutenwert","Mittelwert (arithm.)"
"4453","Heidelberg","Windrichtung °","2021-02-27 19:00","         349","30 Minutenwert","Mittelwert (arithm.)"
"4453","Heidelberg","Windrichtung °","2021-02-27 19:30","         350","30 Minutenwert","Mittelwert (arithm.)"
"4453","Heidelberg","Windrichtung °","2021-02-27 20:00","         336","30 Minutenwert","Mittelwert (arithm.)"
"4453","Heidelberg","Windrichtung °","2021-02-27 20:30","         336","30 Minutenwert","Mittelwert (arithm.)"
"4453","Heidelberg","Windrichtung °","2021-02-27 21:00","          88","30 Minutenwert","Mittelwert (arithm.)"
"4453","Heidelberg","Windrichtung °","2021-02-27 21:30","          81","30 Minutenwert","Mittelwert (arithm.)"
"4453","Heidelberg","Windrichtung °","2021-02-27 22:00","          47","30 Minutenwert","Mittelwert (arithm.)"
"4453","Heidelberg","Windrichtung °","2021-02-27 22:30","          43","30 Minutenwert","Mittelwert (arithm.)"
"4453","Heidelberg","Windrichtung °","2021-02-27 23:00","          26","30 Minutenwert","Mittelwert (arithm.)"
"4453","Heidelberg","Windrichtung °","2021-02-27 23:30","","30 Minutenwert","Mittelwert (arithm.)"
"4453","Heidelberg","Windrichtung °","2021-02-27 24:00","         348","30 Minutenwert","Mittelwert (arithm.)"
"4453","Heidelberg","Windrichtung °","2021-02-28 00:30","          35","30 Minutenwert","Mittelwert (arithm.)"
"4453","Heidelberg","Windrichtung °","2021-02-28 01:00","          46","30 Minutenwert","Mittelwert (arithm.)"
"4453","Heidelberg","Windrichtung °","2021-02-28 01:30","         331","30 Minutenwert","Mittelwert (arithm.)"
"4453","Heidelberg","Windrichtung °","2021-02-28 02:00","         299","30 Minutenwert","Mittelwert (arithm.)"
"4453","Heidelberg","Windrichtung °","2021-02-28 02:30","         326","30 Minutenwert","Mittelwert (arithm.)"
"4453","Heidelberg","Windrichtung °","2021-02-28 03:00","         308","30 Minutenwert","Mittelwert (arithm.)"
"4453","Heidelberg","Windrichtung °","2021-02-28 03:30","           5","30 Minutenwert","Mittelwert (arithm.)"
"4453","Heidelberg","Windrichtung °","2021-02-28 04:00","         339","30 Minutenwert","Mittelwert (arithm.)"
"4453","Heidelberg","Windrichtung °","2021-02-28 04:30","         291","30 Minutenwert","Mittelwert (arithm.)"
"4453","Heidelberg","Windrichtung °","2021-02-28 05:00","         307","30 Minutenwert","Mittelwert (arithm.)"
"4453","Heidelberg","Windrichtung °","2021-02-28 05:30","         313","30 Minutenwert","Mittelwert (arithm.)"
"4453","Heidelberg","Windrichtung °","2021-02-28 06:00","         286","30 Minutenwert","Mittelwert (arithm.)"
"4453","Heidelberg","Windrichtung °","2021-02-28 06:30","         281","30 Minutenwert","Mittelwert (arithm.)"
"4453","Heidelberg","Windrichtung °","2021-02-28 07:00","          58","30 Minutenwert","Mittelwert (arithm.)"
"4453","Heidelberg","Windrichtung °","2021-02-28 07:30","         314","30 Minutenwert","Mittelwert (arithm.)"
"4453","Heidelberg","Windrichtung °","2021-02-28 08:00","         318","30 Minutenwert","Mittelwert (arithm.)"
"4453","Heidelberg","Windrichtung °","2021-02-28 08:30","         309","30 Minutenwert","Mittelwert (arithm.)"
"4453","Heidelberg","Windrichtung °","2021-02-28 09:00","         320","30 Minutenwert","Mittelwert (arithm.)"
"4453","Heidelberg","Windrichtung °","2021-02-28 09:30","         323","30 Minutenwert","Mittelwert (arithm.)"
"4453","Heidelberg","Windrichtung °","2021-02-28 10:00","          61","30 Minutenwert","Mittelwert (arithm.)"
"4453","Heidelberg","Windrichtung °","2021-02-28 10:30","         112","30 Minutenwert","Mittelwert (arithm.)"
"4453","Heidelberg","Windrichtung °","2021-02-28 11:00","         136","30 Minutenwert","Mittelwert (arithm.)"
"4453","Heidelberg","Windrichtung °","2021-02-28 11:30","         147","30 Minutenwert","Mittelwert (arithm.)"
"4453","Heidelberg","Windrichtung °","2021-02-28 12:00","         137","30 Minutenwert","Mittelwert (arithm.)"
"4453","Heidelberg","Windrichtung °","2021-02-28 12:30","         146","30 Minutenwert","Mittelwert (arithm.)"
"4453","Heidelberg","Windrichtung °","2021-02-28 13:00","         151","30 Minutenwert","Mittelwert (arithm.)"
"4453","Heidelberg","Windrichtung °","2021-02-28 13:30","         143","30 Minutenwert","Mittelwert (arithm.)"
"4453","Heidelberg","Windrichtung °","2021-02-28 14:00","         129","30 Minutenwert","Mittelwert (arithm.)"
"4453","Heidelberg","Windrichtung °","2021-02-28 14:30","         105","30 Minutenwert","Mittelwert (arithm.)"
"4453","Heidelberg","Windrichtung °","2021-02-28 15:00","         119","30 Minutenwert","Mittelwert (arithm.)"
"4453","Heidelberg","Windrichtung °","2021-02-28 15:30","         126","30 Minutenwert","Mittelwert (arithm.)"
"4453","Heidelberg","Windrichtung °","2021-02-28 16:00","         126","30 Minutenwert","Mittelwert (arithm.)"
"4453","Heidelberg","Windrichtung °","2021-02-28 16:30","         117","30 Minutenwert","Mittelwert (arithm.)"
"4453","Heidelberg","Windrichtung °","2021-02-28 17:00","         129","30 Minutenwert","Mittelwert (arithm.)"
"4453","Heidelberg","Windrichtung °","2021-02-28 17:30","          94","30 Minutenwert","Mittelwert (arithm.)"
"4453","Heidelberg","Windrichtung °","2021-02-28 18:00","          53","30 Minutenwert","Mittelwert (arithm.)"
"4453","Heidelberg","Windrichtung °","2021-02-28 18:30","          46","30 Minutenwert","Mittelwert (arithm.)"
"4453","Heidelberg","Windrichtung °","2021-02-28 19:00","          10","30 Minutenwert","Mittelwert (arithm.)"
"4453","Heidelberg","Windrichtung °","2021-02-28 19:30","         207","30 Minutenwert","Mittelwert (arithm.)"
"4453","Heidelberg","Windrichtung °","2021-02-28 20:00","         316","30 Minutenwert","Mittelwert (arithm.)"
"4453","Heidelberg","Windrichtung °","2021-02-28 20:30","         334","30 Minutenwert","Mittelwert (arithm.)"
"4453","Heidelberg","Windrichtung °","2021-02-28 21:00","         296","30 Minutenwert","Mittelwert (arithm.)"
"4453","Heidelberg","Windrichtung °","2021-02-28 21:30","         119","30 Minutenwert","Mittelwert (arithm.)"
"4453","Heidelberg","Windrichtung °","2021-02-28 22:00","         116","30 Minutenwert","Mittelwert (arithm.)"
"4453","Heidelberg","Windrichtung °","2021-02-28 22:30","         151","30 Minutenwert","Mittelwert (arithm.)"
"4453","Heidelberg","Windrichtung °","2021-02-28 23:00","         151","30 Minutenwert","Mittelwert (arithm.)"
"4453","Heidelberg","Windrichtung °","2021-02-28 23:30","","30 Minutenwert","Mittelwert (arithm.)"
"4453","Heidelberg","Windrichtung °","2021-02-28 24:00","         140","30 Minutenwert","Mittelwert (arithm.)"
